product_id,product_name,alias_id
p-00002,Strictly Roses,User-c49d6fd0-4282-4963-a271-b4dd922ac37d
p-00001,Mixed Bouquet,User-c49d6fd0-4282-4963-a271-b4dd922ac37d
p-00001,Mixed Bouquet,User-6c3f3257-870e-4b65-8e28-c7f17438d0be
p-00001,Mixed Bouquet,User-5614b542-7a3d-4d27-85e6-9004a99d40c3
p-00006,Red Wine,User-ff07107a-2b88-4f99-9531-023bd42b7029
p-00002,Strictly Roses,User-3007ba28-7e99-424d-876d-b4a3c5742ee0
p-00001,Mixed Bouquet,User-615388e1-d52c-4cfb-acd3-130de8cdf817
p-00001,Mixed Bouquet,User-5b99eaee-c048-432e-9a76-18f298cea488
p-00002,Strictly Roses,User-8969f9d7-5e09-48fd-8ef8-6261b1195bee
p-00001,Mixed Bouquet,User-e3f6b2ed-19ff-463a-ab53-6ae13f641396
p-00001,Mixed Bouquet,User-1f4529c3-0329-403d-95b7-a79e7f5d8b68
p-00001,Mixed Bouquet,User-c52b6345-bbd3-43c1-b953-f2f31b6afffc
p-00001,Mixed Bouquet,User-cf005dfe-bf76-4990-acc9-0f48d03e60e0
p-00006,Red Wine,User-9ed3114d-44a6-4dd8-971b-7ac39f922d6e
p-00009,Champagne,User-fdf3c9a9-03b6-484d-9d3f-a1b8a62fed94
p-00007,White Wine,User-64e10ca6-bddf-4359-862d-9878562d4d30
p-00009,Champagne,User-c49d6fd0-4282-4963-a271-b4dd922ac37d
p-00013,Lamborghini Champagne,User-bbeb9b41-38af-4f22-8265-2b3b19ec6478
p-00001,Mixed Bouquet,User-00bfecda-7872-411d-ba13-b7fe9a5a3dd4
p-00001,Mixed Bouquet,User-f4f2bb73-6ffd-4466-a818-199c81a54047
p-00001,Mixed Bouquet,User-1d885f28-bbb8-41c0-9412-045f76148fc5
p-00001,Mixed Bouquet,User-9ed3114d-44a6-4dd8-971b-7ac39f922d6e
p-00002,Strictly Roses,User-095b7712-d18d-4fe4-b2c0-62637401c714
p-00002,Strictly Roses,User-fdf9a12c-6e5c-45cb-aa89-a1b9a1b4adc5
p-00007,White Wine,User-dfdc4f86-72c6-4ea9-8acd-c61c818b4e29
p-00001,Mixed Bouquet,User-00bfecda-7872-411d-ba13-b7fe9a5a3dd4
p-00001,Mixed Bouquet,User-832e1b37-2bcb-404c-a07c-bee0ae2cd5f6
p-00001,Mixed Bouquet,User-7393ec4b-2260-4b8c-b86e-8fc12c814bf3
p-00001,Mixed Bouquet,User-7393ec4b-2260-4b8c-b86e-8fc12c814bf3
p-00006,Red Wine,User-bab28913-3e07-46be-8d7f-55b73bd04dc9
p-00002,Strictly Roses,User-00bfecda-7872-411d-ba13-b7fe9a5a3dd4
p-00002,Strictly Roses,User-00bfecda-7872-411d-ba13-b7fe9a5a3dd4
p-00002,Strictly Roses,User-00bfecda-7872-411d-ba13-b7fe9a5a3dd4
p-00002,Strictly Roses,User-00bfecda-7872-411d-ba13-b7fe9a5a3dd4
p-00002,Strictly Roses,User-00bfecda-7872-411d-ba13-b7fe9a5a3dd4
p-00002,Strictly Roses,User-00bfecda-7872-411d-ba13-b7fe9a5a3dd4
p-00002,Strictly Roses,User-07b77795-1a75-48b1-8321-b344ae62baac
p-00002,Strictly Roses,User-85e5b302-b2ee-4d7f-9c83-2a70737a2ab1
p-00002,Strictly Roses,User-927dff81-b1f6-4b4d-8003-d017508224c8
p-00002,Strictly Roses,User-bb4a4a11-81db-4427-8566-25975fc4f37b
p-00002,Strictly Roses,User-bb88a828-fd88-4bde-a740-ae2c72a7e210
p-00007,White Wine,User-e894c2f1-eea0-4cae-80a6-ed2001d22562
p-00006,Red Wine,User-f9a1fa02-3e4a-464e-bb25-97a24b956d23
p-00006,Red Wine,User-7393ec4b-2260-4b8c-b86e-8fc12c814bf3
p-00009,Champagne,User-1d885f28-bbb8-41c0-9412-045f76148fc5
p-00013,Lamborghini Champagne,User-8cf68c56-def2-43b9-89aa-cf244f453c03
p-00013,Lamborghini Champagne,User-914a548a-ec00-495c-a71d-5e85f543c3b3
p-00001,Mixed Bouquet,User-d7f75a53-c90c-4dc9-8af1-15962ab956c4
p-00001,Mixed Bouquet,User-7393ec4b-2260-4b8c-b86e-8fc12c814bf3
p-00001,Mixed Bouquet,User-7393ec4b-2260-4b8c-b86e-8fc12c814bf3
p-00001,Mixed Bouquet,User-7393ec4b-2260-4b8c-b86e-8fc12c814bf3
p-00001,Mixed Bouquet,User-c7a7f0fe-d44a-43f2-8bec-4148276ff41f
p-00001,Mixed Bouquet,User-7393ec4b-2260-4b8c-b86e-8fc12c814bf3
p-00001,Mixed Bouquet,User-417d20e7-632d-4647-a6f1-845fe0e1fa99
p-00002,Strictly Roses,User-2efa0da4-dc8a-476b-aeae-410d287b8a95
p-00009,Champagne,User-100fc5f4-5572-4a9a-9cc5-5f6362bf9cb4
p-00009,Champagne,User-a42f26d7-4e06-4b49-9469-cfe5fbbe02fa
p-00001,Mixed Bouquet,User-ff8f5cb7-a108-4325-bd19-c3e91c978806
p-00001,Mixed Bouquet,User-c49d6fd0-4282-4963-a271-b4dd922ac37d
p-00001,Mixed Bouquet,User-efb2c944-7bb3-40e9-aeba-ddba857db22a
p-00002,Strictly Roses,User-1d885f28-bbb8-41c0-9412-045f76148fc5
p-00002,Strictly Roses,User-44d4e383-4c01-4804-ac5f-0dcd0720d096
p-00002,Strictly Roses,User-55e104fc-b372-48de-9ce3-4ae3738a66f4
p-00009,Champagne,User-657cb5c4-8246-4d86-9711-c4e46995a1a9
p-00009,Champagne,User-5bbc42fe-c217-4854-97c3-6543ea5faeb8
p-00001,Mixed Bouquet,User-2a5812a0-813f-4756-bf55-4c919c5e0227
p-00001,Mixed Bouquet,User-009ea0b2-2a91-4ed6-9d4b-5b1b8b800f28
p-00009,Champagne,User-d9f92edb-b110-4380-b1e0-f5c84f3dc801
p-00009,Champagne,User-6b9faf0b-00b3-4e27-b7a7-d5918a550ce8
p-00009,Champagne,User-e1d91e6a-4bf7-4756-b810-7e3bd056d84b
p-00013,Lamborghini Champagne,User-c49d6fd0-4282-4963-a271-b4dd922ac37d
p-00001,Mixed Bouquet,User-ec98497f-1ca6-44ff-a880-a7af715262a4
p-00001,Mixed Bouquet,User-272d0c15-08d0-4548-accc-c7cf589bbe8f
p-00001,Mixed Bouquet,User-1cf1d272-200a-4a4c-82ad-e4029e72916e
p-00006,Red Wine,User-b80d900f-510b-4216-8c0e-c3b15bec25a9
p-00002,Strictly Roses,User-bb88a828-fd88-4bde-a740-ae2c72a7e210
p-00002,Strictly Roses,User-bb88a828-fd88-4bde-a740-ae2c72a7e210
p-00002,Strictly Roses,User-73bc2d9f-fc4e-4b44-abc3-cbacdd4888cc
p-00002,Strictly Roses,User-b80d900f-510b-4216-8c0e-c3b15bec25a9
p-00002,Strictly Roses,User-2881131b-7ffb-45c4-99f8-e60ac178a1ce
p-00002,Strictly Roses,User-bb88a828-fd88-4bde-a740-ae2c72a7e210
p-00002,Strictly Roses,User-821b2ae5-a7d3-4eff-a30b-b6dba5f97174
p-00002,Strictly Roses,User-64e6e6d5-b668-477b-8a07-ee5a69d79a92
p-00002,Strictly Roses,User-57c01503-6e16-445a-bce3-68edc53d1339
p-00009,Champagne,User-c032721e-d86f-41b6-aaed-37e5de3ae289
p-00009,Champagne,User-268d4b23-2ae1-4f1b-8fff-15dff3406841
p-00013,Lamborghini Champagne,User-bfc8ef76-acfe-46e1-af76-52aaddc18101
p-00013,Lamborghini Champagne,User-cf4af55a-09bd-4ace-bf80-8d2bcaa1e13d
p-00001,Mixed Bouquet,User-256a3d51-2a0c-49fc-afce-949a9a019c74
p-00001,Mixed Bouquet,User-256a3d51-2a0c-49fc-afce-949a9a019c74
p-00001,Mixed Bouquet,User-256a3d51-2a0c-49fc-afce-949a9a019c74
p-00001,Mixed Bouquet,User-702ba743-eab2-4b1c-8b89-46152a8856eb
p-00006,Red Wine,User-1d885f28-bbb8-41c0-9412-045f76148fc5
p-00006,Red Wine,User-1d885f28-bbb8-41c0-9412-045f76148fc5
p-00006,Red Wine,User-e336860d-7590-4178-9e15-e27672805a1b
p-00007,White Wine,User-d9b85b8c-dd87-4889-8a06-a5cac3aed41e
p-00009,Champagne,User-1d885f28-bbb8-41c0-9412-045f76148fc5
p-00009,Champagne,User-b14c7db4-2831-406c-84c1-596e143cb7ae
p-00009,Champagne,User-385dd151-98c2-4dd7-b6a3-801ad16261f9
p-00001,Mixed Bouquet,User-e140da05-b353-403f-8617-c6236fc86af3
p-00001,Mixed Bouquet,User-8ab60b85-3dca-4d89-acae-3e733a8cb861
p-00001,Mixed Bouquet,User-2640ad51-11c6-40b3-8ca1-40adf9a27c6f
p-00001,Mixed Bouquet,User-2640ad51-11c6-40b3-8ca1-40adf9a27c6f
p-00006,Red Wine,User-aff2da49-75fa-43f8-a249-f2049c3552f4
p-00002,Strictly Roses,User-5f604dfe-eae0-41a1-9d8f-d6e7c7ab0933
p-00002,Strictly Roses,User-bb88a828-fd88-4bde-a740-ae2c72a7e210
p-00001,Mixed Bouquet,User-eac152e5-2818-4dce-ab01-a919845728c9
p-00009,Champagne,User-84187e47-06f5-4d15-93de-97c0c838c02f
p-00001,Mixed Bouquet,User-deafe976-8382-47fa-9fd5-f36d03da9e8d
p-00001,Mixed Bouquet,User-c49d6fd0-4282-4963-a271-b4dd922ac37d
p-00001,Mixed Bouquet,User-c4beeba2-2d97-4c9e-ad92-8ac41e733fa4
p-00006,Red Wine,User-1d885f28-bbb8-41c0-9412-045f76148fc5
p-00002,Strictly Roses,User-84187e47-06f5-4d15-93de-97c0c838c02f
p-00002,Strictly Roses,User-87444fe0-cec5-420c-a117-8c09aab6edee
p-00009,Champagne,User-1d885f28-bbb8-41c0-9412-045f76148fc5
p-00001,Mixed Bouquet,User-d1529935-e07f-44bd-9e32-96a47355a60d
p-00001,Mixed Bouquet,User-7a6f3a97-bc09-485c-a0a2-21831a3bfcd3
p-00001,Mixed Bouquet,User-bb4a4a11-81db-4427-8566-25975fc4f37b
p-00001,Mixed Bouquet,User-c49d6fd0-4282-4963-a271-b4dd922ac37d
p-00001,Mixed Bouquet,User-832e1b37-2bcb-404c-a07c-bee0ae2cd5f6
p-00014,The Boo Basket,User-19bbf4b4-537b-42ca-8dea-16ed24042e33
p-00009,Champagne,User-d1563cab-52e4-43fa-ac3d-5aa960284d57
p-00009,Champagne,User-027150bc-ee7f-4b50-99e0-fbee89a07828
p-00001,Mixed Bouquet,User-0c88a7e1-516c-4057-bebe-9f7be653580d
p-00001,Mixed Bouquet,User-5410f6ba-883a-4a29-82a7-ce747c13b9cf
p-00001,Mixed Bouquet,User-deafe976-8382-47fa-9fd5-f36d03da9e8d
p-00001,Mixed Bouquet,User-832e1b37-2bcb-404c-a07c-bee0ae2cd5f6
p-00001,Mixed Bouquet,User-794d1909-7bb7-41d8-89e7-cd57f79fe3bd
p-00001,Mixed Bouquet,User-41df7891-9454-44c9-89e9-c0cfc2b9a3b7
p-00001,Mixed Bouquet,User-584793f2-2ed8-4568-b132-9f23ee43dce0
p-00001,Mixed Bouquet,User-7cde6bc1-86a6-455c-bff3-1ad34b417ec0
p-00002,Strictly Roses,User-2640ad51-11c6-40b3-8ca1-40adf9a27c6f
p-00002,Strictly Roses,User-812a6a06-3fc9-44db-a894-8be9f4685a40
p-00002,Strictly Roses,User-00bfecda-7872-411d-ba13-b7fe9a5a3dd4
p-00002,Strictly Roses,User-3c4c4f75-ccc3-4402-855f-2e3be6aeffb7
p-00002,Strictly Roses,User-3dba6615-079a-43ba-8a3b-27a239213be6
p-00002,Strictly Roses,User-00bfecda-7872-411d-ba13-b7fe9a5a3dd4
p-00002,Strictly Roses,User-00bfecda-7872-411d-ba13-b7fe9a5a3dd4
p-00002,Strictly Roses,User-fca710b1-e8ef-4531-bf11-66b7cb2c51f9
p-00002,Strictly Roses,User-832e1b37-2bcb-404c-a07c-bee0ae2cd5f6
p-00002,Strictly Roses,User-8802eb2f-b7d0-4bc5-b1d3-d0bbc164f381
p-00002,Strictly Roses,User-556f42c0-868c-4e79-9c45-6df4a50f622f
p-00007,White Wine,User-25719406-d56e-47bd-84ba-a07fabe9b753
p-00009,Champagne,User-5bbc42fe-c217-4854-97c3-6543ea5faeb8
p-00009,Champagne,User-f6d73a1d-586c-439d-b0b9-12c878bf1932
p-00013,Lamborghini Champagne,User-e65efcd0-5b3a-463e-85b0-c0db28f74931
p-00001,Mixed Bouquet,User-256a3d51-2a0c-49fc-afce-949a9a019c74
p-00001,Mixed Bouquet,User-256a3d51-2a0c-49fc-afce-949a9a019c74
p-00001,Mixed Bouquet,User-fca710b1-e8ef-4531-bf11-66b7cb2c51f9
p-00001,Mixed Bouquet,User-c49d6fd0-4282-4963-a271-b4dd922ac37d
p-00001,Mixed Bouquet,User-832e1b37-2bcb-404c-a07c-bee0ae2cd5f6
p-00006,Red Wine,User-ab68727b-8e07-4f5f-9579-b61ea364fbde
p-00006,Red Wine,User-c80dd23b-4360-4442-8c33-2ad5460b6c64
p-00006,Red Wine,User-44d4e383-4c01-4804-ac5f-0dcd0720d096
p-00002,Strictly Roses,User-aad1de07-486b-4137-aac7-d3aa6035cda0
p-00007,White Wine,User-4320adf6-a132-40b7-b43e-3181b7947635
p-00009,Champagne,User-9ed3114d-44a6-4dd8-971b-7ac39f922d6e
p-00013,Lamborghini Champagne,User-702ba743-eab2-4b1c-8b89-46152a8856eb
p-00013,Lamborghini Champagne,User-657cb5c4-8246-4d86-9711-c4e46995a1a9
p-00001,Mixed Bouquet,User-8ab60b85-3dca-4d89-acae-3e733a8cb861
p-00001,Mixed Bouquet,User-fca710b1-e8ef-4531-bf11-66b7cb2c51f9
p-00001,Mixed Bouquet,User-fca710b1-e8ef-4531-bf11-66b7cb2c51f9
p-00001,Mixed Bouquet,User-efb63325-ab69-487b-90c3-0898ce034112
p-00001,Mixed Bouquet,User-a8485ee8-cc28-4d87-8c7b-34356c58c8bf
p-00001,Mixed Bouquet,User-d7f75a53-c90c-4dc9-8af1-15962ab956c4
p-00002,Strictly Roses,User-44d695b0-bf17-41f4-a152-7e9c2257e392
p-00002,Strictly Roses,User-14a7bfb1-0be2-433d-a197-23daa7acfe7b
p-00002,Strictly Roses,User-a9e94f87-d4ca-4cdb-8715-cc76b77aa871
p-00002,Strictly Roses,User-fca710b1-e8ef-4531-bf11-66b7cb2c51f9
p-00014,The Boo Basket,User-d7f75a53-c90c-4dc9-8af1-15962ab956c4
p-00014,The Boo Basket,User-d8a3a7d0-6bc0-41e9-bf2d-c2e96922a8cc
p-00009,Champagne,User-d142f9cb-d083-4893-8e9b-885de5ab2cf2
p-00002,Strictly Roses,User-3c4c4f75-ccc3-4402-855f-2e3be6aeffb7
p-00010,V-Day Special,User-2640ad51-11c6-40b3-8ca1-40adf9a27c6f
p-00010,V-Day Special,User-1d885f28-bbb8-41c0-9412-045f76148fc5
p-00010,V-Day Special,User-deafe976-8382-47fa-9fd5-f36d03da9e8d
p-00001,Mixed Bouquet,User-256a3d51-2a0c-49fc-afce-949a9a019c74
p-00001,Mixed Bouquet,User-e8e87c2d-7b80-4597-a840-881698fb05dc
p-00009,Champagne,User-38d9c3c7-96a7-4126-ae63-7d94733c4f93
p-00009,Champagne,User-8969f9d7-5e09-48fd-8ef8-6261b1195bee
p-00013,Lamborghini Champagne,User-0a9322fb-d6e7-4eeb-84e9-6b36e6d1074c
p-00013,Lamborghini Champagne,User-64bdb83e-33be-43b2-b533-f6aa9bf9449d
p-00013,Lamborghini Champagne,User-96ac68df-3a24-4aa8-9d2d-2ebf499796d2
p-00013,Lamborghini Champagne,User-becad03c-3585-49a2-bdfa-b73cca736de2
p-00013,Lamborghini Champagne,User-aafc2020-bafe-4d37-b18f-0143c9f3f76d
p-00013,Lamborghini Champagne,User-0a9322fb-d6e7-4eeb-84e9-6b36e6d1074c
p-00013,Lamborghini Champagne,User-0c031877-0b43-46ef-b3f3-85dc12a2325f
p-00013,Lamborghini Champagne,User-a42f26d7-4e06-4b49-9469-cfe5fbbe02fa
p-00013,Lamborghini Champagne,User-96d891d8-2f90-48d5-ae38-e5e1f6517759
p-00013,Lamborghini Champagne,User-09635a84-91e3-4fb8-ba42-36e7baa0b67c
p-00001,Mixed Bouquet,User-0c88a7e1-516c-4057-bebe-9f7be653580d
p-00001,Mixed Bouquet,User-0c88a7e1-516c-4057-bebe-9f7be653580d
p-00001,Mixed Bouquet,User-314cdb29-e665-4a82-be94-de9c95abd715
p-00001,Mixed Bouquet,User-c49d6fd0-4282-4963-a271-b4dd922ac37d
p-00001,Mixed Bouquet,User-d12e651b-4be3-42b7-9edb-8d5b4c3abf46
p-00001,Mixed Bouquet,User-e1d91e6a-4bf7-4756-b810-7e3bd056d84b
p-00001,Mixed Bouquet,User-73887a87-05ad-4c92-b879-564427a9aafd
p-00001,Mixed Bouquet,User-c5c9e226-43e3-48a6-a6a7-4f82e293ead8
p-00001,Mixed Bouquet,User-08b5a1f8-9bb6-4cff-9afc-f52ba16734cf
p-00001,Mixed Bouquet,User-1e27dfe3-5985-4054-8383-eb0485d35130
p-00001,Mixed Bouquet,User-37806715-a68c-4115-9767-760048de0735
p-00006,Red Wine,User-d271d230-f423-4c17-9c1e-a178e0ae693b
p-00002,Strictly Roses,User-f63e87e9-8fe9-46d2-b11c-f7e114f5a821
p-00002,Strictly Roses,User-bb88a828-fd88-4bde-a740-ae2c72a7e210
p-00002,Strictly Roses,User-cb94cb4e-c693-428e-89cc-5ef1a0505d3b
p-00007,White Wine,User-45396177-35e2-4abf-9e7b-1ad934f4dd4a
p-00009,Champagne,User-531a2629-aefa-4a49-86b8-b4e467a0c43a
p-00009,Champagne,User-828bc804-1660-4adf-bad6-f813b65ba148
p-00009,Champagne,User-fafe835c-19df-40cb-b6e8-3984b1ef8c25
p-00009,Champagne,User-1e27dfe3-5985-4054-8383-eb0485d35130
p-00013,Lamborghini Champagne,User-8cf68c56-def2-43b9-89aa-cf244f453c03
p-00001,Mixed Bouquet,User-24e114fd-4718-417d-abd4-e4ca2141502f
p-00001,Mixed Bouquet,User-bafb08db-3cfe-4509-8d40-46c7136511f6
p-00001,Mixed Bouquet,User-1e27dfe3-5985-4054-8383-eb0485d35130
p-00001,Mixed Bouquet,User-1e27dfe3-5985-4054-8383-eb0485d35130
p-00001,Mixed Bouquet,User-24e114fd-4718-417d-abd4-e4ca2141502f
p-00002,Strictly Roses,User-c1048ef7-a612-474a-b7f9-8b8525ab2a9e
p-00009,Champagne,User-33554c5a-b84d-42da-b9e4-8b3c6e5dc60a
p-00009,Champagne,User-33554c5a-b84d-42da-b9e4-8b3c6e5dc60a
p-00013,Lamborghini Champagne,User-f9a1986f-3474-464e-b624-f1e519ee00f5
p-00013,Lamborghini Champagne,User-fe76a105-ab99-407b-984a-58ca3306f4ec
p-00013,Lamborghini Champagne,User-079c0cc6-3ec3-4094-aa7d-71b4908744f4
p-00013,Lamborghini Champagne,User-43f140ba-913c-40f4-8056-1c32c674e5e4
p-00001,Mixed Bouquet,User-0c88a7e1-516c-4057-bebe-9f7be653580d
p-00001,Mixed Bouquet,User-00bfecda-7872-411d-ba13-b7fe9a5a3dd4
p-00001,Mixed Bouquet,User-a79335eb-07fd-47ae-bf23-99c70d627c34
p-00001,Mixed Bouquet,User-eb166555-afad-4090-a9c5-322f6c63ad39
p-00001,Mixed Bouquet,User-0c88a7e1-516c-4057-bebe-9f7be653580d
p-00001,Mixed Bouquet,User-a79335eb-07fd-47ae-bf23-99c70d627c34
p-00001,Mixed Bouquet,User-29846de7-5200-4399-8213-4dd90763eefe
p-00001,Mixed Bouquet,User-d7f75a53-c90c-4dc9-8af1-15962ab956c4
p-00001,Mixed Bouquet,User-7d4e5d22-33eb-4d02-a6ff-98b8f7bb98dc
p-00001,Mixed Bouquet,User-615388e1-d52c-4cfb-acd3-130de8cdf817
p-00001,Mixed Bouquet,User-b4782dba-be48-4023-a010-92a1c5a99ab8
p-00001,Mixed Bouquet,User-f63e87e9-8fe9-46d2-b11c-f7e114f5a821
p-00001,Mixed Bouquet,User-9fe7ec0b-43ad-46b5-a288-51a25d158e0c
p-00006,Red Wine,User-8198854e-32ac-4620-bd09-b5e90bebba7b
p-00002,Strictly Roses,User-794d1909-7bb7-41d8-89e7-cd57f79fe3bd
p-00002,Strictly Roses,User-e140da05-b353-403f-8617-c6236fc86af3
p-00002,Strictly Roses,User-3fbff956-a5f8-4c3b-a961-edfee26fce40
p-00002,Strictly Roses,User-a79335eb-07fd-47ae-bf23-99c70d627c34
p-00002,Strictly Roses,User-33554c5a-b84d-42da-b9e4-8b3c6e5dc60a
p-00002,Strictly Roses,User-f9a1986f-3474-464e-b624-f1e519ee00f5
p-00002,Strictly Roses,User-e889c76e-8881-4f85-be1b-e295200595fe
p-00002,Strictly Roses,User-979b54ce-a86d-4659-a1c9-f0d2d184565c
p-00002,Strictly Roses,User-33554c5a-b84d-42da-b9e4-8b3c6e5dc60a
p-00002,Strictly Roses,User-2244dd84-647a-4b2b-9fd4-a24c154e2533
p-00002,Strictly Roses,User-bb88a828-fd88-4bde-a740-ae2c72a7e210
p-00002,Strictly Roses,User-bb88a828-fd88-4bde-a740-ae2c72a7e210
p-00002,Strictly Roses,User-bb88a828-fd88-4bde-a740-ae2c72a7e210
p-00002,Strictly Roses,User-bb88a828-fd88-4bde-a740-ae2c72a7e210
p-00002,Strictly Roses,User-bb88a828-fd88-4bde-a740-ae2c72a7e210
p-00002,Strictly Roses,User-33554c5a-b84d-42da-b9e4-8b3c6e5dc60a
p-00002,Strictly Roses,User-33554c5a-b84d-42da-b9e4-8b3c6e5dc60a
p-00002,Strictly Roses,User-0c88a7e1-516c-4057-bebe-9f7be653580d
p-00002,Strictly Roses,User-33554c5a-b84d-42da-b9e4-8b3c6e5dc60a
p-00002,Strictly Roses,User-33554c5a-b84d-42da-b9e4-8b3c6e5dc60a
p-00002,Strictly Roses,User-33554c5a-b84d-42da-b9e4-8b3c6e5dc60a
p-00002,Strictly Roses,User-9ef6d68a-2c13-4722-a877-358e91d220ce
p-00002,Strictly Roses,User-615388e1-d52c-4cfb-acd3-130de8cdf817
p-00002,Strictly Roses,User-33554c5a-b84d-42da-b9e4-8b3c6e5dc60a
p-00002,Strictly Roses,User-33554c5a-b84d-42da-b9e4-8b3c6e5dc60a
p-00014,The Boo Basket,User-49c4f072-938e-44d5-b274-7fa4ee4c8b0a
p-00009,Champagne,User-bb88a828-fd88-4bde-a740-ae2c72a7e210
p-00013,Lamborghini Champagne,User-a46a6cea-1ed6-4851-9d75-c8a008bedd4d
p-00013,Lamborghini Champagne,User-0207ac9d-6beb-49dc-af86-f65ca234308c
p-00013,Lamborghini Champagne,User-fe76a105-ab99-407b-984a-58ca3306f4ec
p-00001,Mixed Bouquet,User-256a3d51-2a0c-49fc-afce-949a9a019c74
p-00001,Mixed Bouquet,User-256a3d51-2a0c-49fc-afce-949a9a019c74
p-00001,Mixed Bouquet,User-7a6f3a97-bc09-485c-a0a2-21831a3bfcd3
p-00001,Mixed Bouquet,User-dbc74066-d691-4388-a09e-a25d9df6624b
p-00001,Mixed Bouquet,User-0c88a7e1-516c-4057-bebe-9f7be653580d
p-00001,Mixed Bouquet,User-9af3e815-9bee-427a-ab6d-7d5a3869842c
p-00001,Mixed Bouquet,User-fc38af9c-1997-4e2c-9696-907321640e56
p-00001,Mixed Bouquet,User-c49d6fd0-4282-4963-a271-b4dd922ac37d
p-00001,Mixed Bouquet,User-226b4248-a7c5-4c6c-95f7-8e238e35d0e0
p-00001,Mixed Bouquet,User-0c88a7e1-516c-4057-bebe-9f7be653580d
p-00001,Mixed Bouquet,User-48a2829a-2f65-409c-958e-25b3ad7e0f93
p-00001,Mixed Bouquet,User-58a9fa00-6513-4d8e-8027-344091a61c71
p-00001,Mixed Bouquet,User-fdce855d-5747-4d04-94ad-0cb7fdaf3661
p-00001,Mixed Bouquet,User-81e0c844-55dd-47ff-bce8-a816f6d10bf3
p-00001,Mixed Bouquet,User-9ed3114d-44a6-4dd8-971b-7ac39f922d6e
p-00006,Red Wine,User-1d885f28-bbb8-41c0-9412-045f76148fc5
p-00006,Red Wine,User-0c88a7e1-516c-4057-bebe-9f7be653580d
p-00006,Red Wine,User-44d4e383-4c01-4804-ac5f-0dcd0720d096
p-00007,White Wine,User-c49d6fd0-4282-4963-a271-b4dd922ac37d
p-00009,Champagne,User-100fc5f4-5572-4a9a-9cc5-5f6362bf9cb4
p-00009,Champagne,User-979b54ce-a86d-4659-a1c9-f0d2d184565c
p-00009,Champagne,User-3137b416-05ab-4898-9c7d-134f16c656cd
p-00013,Lamborghini Champagne,User-f906e907-cf66-482a-8fa5-84b1f08e4e7a
p-00013,Lamborghini Champagne,User-a9add4d2-172b-45ed-b167-06bed7c16a02
p-00013,Lamborghini Champagne,User-819d5516-9232-4226-aea8-ee6dc47318cc
p-00001,Mixed Bouquet,User-deafe976-8382-47fa-9fd5-f36d03da9e8d
p-00001,Mixed Bouquet,User-1b5eb24c-4d69-417f-ab0b-7182288fbc81
p-00001,Mixed Bouquet,User-10905215-c313-4f33-ac5d-9b72b2dd85e9
p-00001,Mixed Bouquet,User-819d5516-9232-4226-aea8-ee6dc47318cc
p-00001,Mixed Bouquet,User-93c29c9e-9224-43d9-84a0-093f252bfc34
p-00001,Mixed Bouquet,User-42a72d64-58c6-4f52-a93e-85aa9787893f
p-00001,Mixed Bouquet,User-256a3d51-2a0c-49fc-afce-949a9a019c74
p-00001,Mixed Bouquet,User-2244dd84-647a-4b2b-9fd4-a24c154e2533
p-00001,Mixed Bouquet,User-3085d9c8-a65b-49d0-b8f8-301489a5f0d9
p-00001,Mixed Bouquet,User-0c88a7e1-516c-4057-bebe-9f7be653580d
p-00001,Mixed Bouquet,User-c49d6fd0-4282-4963-a271-b4dd922ac37d
p-00001,Mixed Bouquet,User-009ea0b2-2a91-4ed6-9d4b-5b1b8b800f28
p-00001,Mixed Bouquet,User-f6d73a1d-586c-439d-b0b9-12c878bf1932
p-00001,Mixed Bouquet,User-a8485ee8-cc28-4d87-8c7b-34356c58c8bf
p-00001,Mixed Bouquet,User-49c4f072-938e-44d5-b274-7fa4ee4c8b0a
p-00001,Mixed Bouquet,User-2457920e-5cf1-457a-8f54-e75a8f9f8b9c
p-00006,Red Wine,User-a13adce1-5f72-4102-8e10-88a451ddaa5f
p-00006,Red Wine,User-f9a1986f-3474-464e-b624-f1e519ee00f5
p-00006,Red Wine,User-a361797c-33c4-433f-b1af-7bd525ba8edf
p-00006,Red Wine,User-2c91a2fc-08d7-4634-8104-3e2bb6e1d6a6
p-00006,Red Wine,User-9ed3114d-44a6-4dd8-971b-7ac39f922d6e
p-00002,Strictly Roses,User-4704d722-0216-4a44-b98e-21eccf26d838
p-00002,Strictly Roses,User-405df02d-e4fb-4bcd-b681-c00f8758183d
p-00014,The Boo Basket,User-c7e04f12-06cd-4485-befc-8c702b8bfc3a
p-00007,White Wine,User-09635a84-91e3-4fb8-ba42-36e7baa0b67c
p-00007,White Wine,User-f9a1986f-3474-464e-b624-f1e519ee00f5
p-00007,White Wine,User-5f604dfe-eae0-41a1-9d8f-d6e7c7ab0933
p-00006,Red Wine,User-2c91a2fc-08d7-4634-8104-3e2bb6e1d6a6
p-00009,Champagne,User-a79335eb-07fd-47ae-bf23-99c70d627c34
p-00001,Mixed Bouquet,User-0c88a7e1-516c-4057-bebe-9f7be653580d
p-00009,Champagne,User-67a74628-ee2a-43e8-9672-3a9b1982076a
p-00002,Strictly Roses,User-094fc44c-ab9d-4bd0-ba81-b7ef7f7da043
p-00001,Mixed Bouquet,User-67a74628-ee2a-43e8-9672-3a9b1982076a
p-00007,White Wine,User-615388e1-d52c-4cfb-acd3-130de8cdf817
p-00009,Champagne,User-a8621247-fccb-4ff4-ae0c-c2b22ec9f74d
p-00013,Lamborghini Champagne,User-31c5e128-13e0-4f5c-8cf1-4982b1126321
p-00002,Strictly Roses,User-f50bba05-a5f4-4dba-bc14-2e838b725d64
p-00007,White Wine,User-af130d86-4971-4f98-ad98-6c1afdcdad9a
p-00009,Champagne,User-832e1b37-2bcb-404c-a07c-bee0ae2cd5f6
p-00009,Champagne,User-7f6379a6-1c4b-4863-9433-473ffd4c8011
p-00001,Mixed Bouquet,User-f35732b3-b19c-4ce4-b87c-aebca47e0e69
p-00001,Mixed Bouquet,User-bb88a828-fd88-4bde-a740-ae2c72a7e210
p-00001,Mixed Bouquet,User-96e5dc55-f063-42ba-962a-8a39cde6c578
p-00001,Mixed Bouquet,User-96e5dc55-f063-42ba-962a-8a39cde6c578
p-00002,Strictly Roses,User-7a6f3a97-bc09-485c-a0a2-21831a3bfcd3
p-00002,Strictly Roses,User-f9721bc3-6535-44d4-a770-869c53c6c066
p-00002,Strictly Roses,User-3cc5809f-0b27-469c-ba61-c154e37707d6
p-00001,Mixed Bouquet,User-7a6f3a97-bc09-485c-a0a2-21831a3bfcd3
p-00002,Strictly Roses,User-aff2da49-75fa-43f8-a249-f2049c3552f4
p-00009,Champagne,User-926a3930-b4e5-4efd-a7c8-31d92fe88356
p-00001,Mixed Bouquet,User-926a3930-b4e5-4efd-a7c8-31d92fe88356
p-00010,V-Day Special,User-7a6f3a97-bc09-485c-a0a2-21831a3bfcd3
p-00002,Strictly Roses,User-f50bba05-a5f4-4dba-bc14-2e838b725d64
p-00006,Red Wine,User-44d695b0-bf17-41f4-a152-7e9c2257e392
p-00001,Mixed Bouquet,User-eb4d947a-4752-44c8-b5cb-70a7354cec31
p-00001,Mixed Bouquet,User-9fe7ec0b-43ad-46b5-a288-51a25d158e0c
p-00013,Lamborghini Champagne,User-64e10ca6-bddf-4359-862d-9878562d4d30
p-00009,Champagne,User-903d12bc-fb5e-42ce-a371-a2c13cec27dd
p-00026,Handcrafted Cupcakes,User-f9a1986f-3474-464e-b624-f1e519ee00f5
p-00002,Strictly Roses,User-aaf0c644-7c2e-45bb-a0b6-707fa6b20a82
p-00002,Strictly Roses,User-32671e0d-15a8-4284-a7f6-a47efcc3147b
p-00037,Sweetest Love Bundle,User-deafe976-8382-47fa-9fd5-f36d03da9e8d
p-00002,Strictly Roses,User-29846de7-5200-4399-8213-4dd90763eefe
p-00002,Strictly Roses,User-d0190747-dcca-46a9-bf8a-7b7836cc13fb
p-00002,Strictly Roses,User-fb1b172e-5db8-4308-9934-72cfee7e9a49
p-00022,Pinot Noir,User-e73a99ee-47da-42f6-94fb-3623803111a0
p-00025,Charming Bloom Bouquet,User-1a68db5c-1115-4f0c-872a-f79c421efad7
p-00026,Handcrafted Cupcakes,User-5bbc42fe-c217-4854-97c3-6543ea5faeb8
p-00006,Red Wine,User-aff2da49-75fa-43f8-a249-f2049c3552f4
p-00026,Handcrafted Cupcakes,User-f8f46e3c-4eee-4d7f-8258-702ff2b5b108
p-00006,Red Wine,User-94410d49-9753-4c45-bfaf-601454f3678b
p-00006,Red Wine,User-2fc10fe8-3fd8-4cc9-956f-122c0e5c01f9
p-00007,White Wine,User-c032721e-d86f-41b6-aaed-37e5de3ae289
p-00007,White Wine,User-d136e47b-75db-40bb-a5a3-8e175a513468
p-00009,Champagne,User-3dc7af45-80e3-49ac-8103-e9e86712863e
p-00002,Strictly Roses,User-3007ba28-7e99-424d-876d-b4a3c5742ee0
p-00009,Champagne,User-7b235a19-8bd5-4723-9414-58e8642ec1ba
p-00006,Red Wine,User-5410f6ba-883a-4a29-82a7-ce747c13b9cf
p-00001,Mixed Bouquet,User-9d7f2654-5507-40a5-b695-49c071b301c3
p-00002,Strictly Roses,User-a361797c-33c4-433f-b1af-7bd525ba8edf
p-00014,The Boo Basket,User-fdf9a12c-6e5c-45cb-aa89-a1b9a1b4adc5
p-00002,Strictly Roses,User-a5b90bb1-02f0-4e4c-98d3-da2907468d30
p-00007,White Wine,User-0408152c-6bc0-42f7-8c8d-de698c1041fe
p-00007,White Wine,User-0408152c-6bc0-42f7-8c8d-de698c1041fe
p-00001,Mixed Bouquet,User-31560408-6a8f-4bff-82c6-df3a15034ff0
p-00001,Mixed Bouquet,User-615388e1-d52c-4cfb-acd3-130de8cdf817
p-00001,Mixed Bouquet,User-2e0a5cf6-dc7a-4ea3-97ce-b725314ea4e9
p-00009,Champagne,User-027150bc-ee7f-4b50-99e0-fbee89a07828
p-00001,Mixed Bouquet,User-615388e1-d52c-4cfb-acd3-130de8cdf817
p-00001,Mixed Bouquet,User-b0c6ef98-5a76-4ba4-879f-cda415c9d7b3
p-00001,Mixed Bouquet,User-3d081342-9352-4827-b41a-f11d4c37d645
p-00014,The Boo Basket,User-4be52c6f-f8fd-48fa-80f6-fad9f9b9195e
p-00007,White Wine,User-615388e1-d52c-4cfb-acd3-130de8cdf817
p-00007,White Wine,User-a13adce1-5f72-4102-8e10-88a451ddaa5f
p-00001,Mixed Bouquet,User-aff2da49-75fa-43f8-a249-f2049c3552f4
p-00002,Strictly Roses,User-f255f720-5fb8-4699-bb70-a1806c2b75c4
p-00009,Champagne,User-3dc7af45-80e3-49ac-8103-e9e86712863e
p-00009,Champagne,User-ee32f249-cd54-4471-9886-bffd8c9db872
p-00001,Mixed Bouquet,User-3d081342-9352-4827-b41a-f11d4c37d645
p-00002,Strictly Roses,User-3fbff956-a5f8-4c3b-a961-edfee26fce40
p-00009,Champagne,User-615388e1-d52c-4cfb-acd3-130de8cdf817
p-00009,Champagne,User-c49d6fd0-4282-4963-a271-b4dd922ac37d
p-00009,Champagne,User-60ff2477-c3ba-4975-9ed3-5528c9b34e71
p-00001,Mixed Bouquet,User-6f353c86-f90a-4b96-a51b-5796bb176fa6
p-00002,Strictly Roses,User-b5f6a7a2-f7a5-4a8b-9d23-95bd0c005be2
p-00007,White Wine,User-4a41de2c-f13e-48f0-8d9a-6072cc8b2054
p-00009,Champagne,User-615388e1-d52c-4cfb-acd3-130de8cdf817
p-00013,Lamborghini Champagne,User-17b53f21-56f2-48b9-ae83-2ca516991ec3
p-00001,Mixed Bouquet,User-615388e1-d52c-4cfb-acd3-130de8cdf817
p-00001,Mixed Bouquet,User-531a2629-aefa-4a49-86b8-b4e467a0c43a
p-00001,Mixed Bouquet,User-cfdc07c7-07c1-4701-98dc-1345fd3ee5f3
p-00001,Mixed Bouquet,User-961f8433-6477-4196-b48d-037ae71ec46c
p-00002,Strictly Roses,User-9ac2126e-abe5-4932-83ee-17863d01c5dc
p-00009,Champagne,User-615388e1-d52c-4cfb-acd3-130de8cdf817
p-00001,Mixed Bouquet,User-7aab2d8b-9b70-4e30-9d9e-ec74612e3d0a
p-00009,Champagne,User-615388e1-d52c-4cfb-acd3-130de8cdf817
p-00009,Champagne,User-6a324842-e8b7-4be5-8408-97e672de4683
p-lambo,Lamborghini Champagne x 2,User-2dd8bc35-a194-4293-ba12-ecf1912c4337
p-00001,Mixed Bouquet,User-f37dd5de-73c1-44dd-afbd-2efd07232475
p-00014,The Boo Basket,User-25719406-d56e-47bd-84ba-a07fabe9b753
p-00007,White Wine,User-5bbc42fe-c217-4854-97c3-6543ea5faeb8
p-00002,Strictly Roses,User-57c01503-6e16-445a-bce3-68edc53d1339
p-00001,Mixed Bouquet,User-9ed3114d-44a6-4dd8-971b-7ac39f922d6e
p-00006,Red Wine,User-d9b85b8c-dd87-4889-8a06-a5cac3aed41e
p-00007,White Wine,User-615388e1-d52c-4cfb-acd3-130de8cdf817
p-00002,Strictly Roses,User-ed4570dc-de74-4221-a43d-1884d611fd23
p-00001,Mixed Bouquet,User-14a7bfb1-0be2-433d-a197-23daa7acfe7b
p-00006,Red Wine,User-c3451a25-f6f8-410d-a384-e4a90117ae09
p-00002,Strictly Roses,User-812a6a06-3fc9-44db-a894-8be9f4685a40
p-00009,Champagne,User-615388e1-d52c-4cfb-acd3-130de8cdf817
p-00006,Red Wine,User-615388e1-d52c-4cfb-acd3-130de8cdf817
p-00009,Champagne,User-679b3a4f-fcd9-4599-998b-55a63603fa97
p-00002,Strictly Roses,User-ad497291-a008-4abc-90c8-7b6db94a8c98
p-00006,Red Wine,User-fafe835c-19df-40cb-b6e8-3984b1ef8c25
p-00002,Strictly Roses,User-e554d357-b5c5-48e9-978d-106fc010e15e
p-00002,Strictly Roses,User-21f98671-4ba0-4284-8f1d-3cdb3fec93e5
p-00007,White Wine,User-a8b2c81b-f8af-4773-900d-48805dca872b
p-00007,White Wine,User-a8b2c81b-f8af-4773-900d-48805dca872b
p-00001,Mixed Bouquet,User-0c88a7e1-516c-4057-bebe-9f7be653580d
p-00014,The Boo Basket,User-cf005dfe-bf76-4990-acc9-0f48d03e60e0
p-00007,White Wine,User-d9b85b8c-dd87-4889-8a06-a5cac3aed41e
p-00001,Mixed Bouquet,User-615388e1-d52c-4cfb-acd3-130de8cdf817
p-00009,Champagne,User-a3521699-2839-4b4c-81a9-66e9f9073a07
p-00007,White Wine,User-6678bc61-7abe-4dca-afe9-145d13a269c5
p-00009,Champagne,User-139ded95-54ab-47b7-8ad1-9315baa95dcd
p-00026,Handcrafted Cupcakes,User-ce346931-054f-4af4-96b4-b8125eadf9a4
p-00009,Champagne,User-173c84dc-0351-4e18-933b-758602c14b85
p-00013,Lamborghini Champagne,User-cb94cb4e-c693-428e-89cc-5ef1a0505d3b
p-00001,Mixed Bouquet,User-964c721b-5d59-45cb-bfb7-77fcb532e119
p-00037,Sweetest Love Bundle,User-cb94cb4e-c693-428e-89cc-5ef1a0505d3b
p-00030,White Roses,User-c665e691-6cdc-4ae2-963e-fcc1d72a5fa0
p-00009,Champagne,User-a70a702b-b395-4096-bc0c-44f8b858c2a5
p-00002,Strictly Roses,User-0cfacc07-e0c1-4771-88a5-c6f768276de7
p-00027,Champagne À L'EST by Out East,User-964c721b-5d59-45cb-bfb7-77fcb532e119
p-00027,Champagne À L'EST by Out East,User-64a17617-99be-4546-95fc-a60a2a4ad5a7
p-00009,Champagne,User-c070dfa2-3025-426e-a97d-a9dcca27902f
p-00050,Handcrafted Chocolates,User-5bbc42fe-c217-4854-97c3-6543ea5faeb8
p-00013,Lamborghini Champagne,User-7aab2d8b-9b70-4e30-9d9e-ec74612e3d0a
p-00013,Lamborghini Champagne,User-9ef6d68a-2c13-4722-a877-358e91d220ce
p-00001,Mixed Bouquet,User-34bde535-4594-4b5e-8d7e-d5e8c620656b
p-00001,Mixed Bouquet,User-7aab2d8b-9b70-4e30-9d9e-ec74612e3d0a
p-00001,Mixed Bouquet,User-099564ff-beb1-405f-be8b-c3151183cfeb
p-00001,Mixed Bouquet,User-964c721b-5d59-45cb-bfb7-77fcb532e119
p-00002,Strictly Roses,User-877976d8-079a-4fe1-9c22-0862a924dfaf
p-00002,Strictly Roses,User-000ffe87-2b39-4128-94b4-faf2e3a1d94f
p-00002,Strictly Roses,User-a9ce8046-4181-4dc6-a3b6-caa7a3fca154
p-00002,Strictly Roses,User-32671e0d-15a8-4284-a7f6-a47efcc3147b
p-00017,36-Roses,User-bc15f5d4-5711-4a09-955f-6b8a362766e4
p-00009,Champagne,User-d3cebcae-86b0-405c-b835-d50d1827476f
p-00001,Mixed Bouquet,User-80d218dd-0a2d-4404-90bb-84d74e110300
p-00001,Mixed Bouquet,User-9ae9e3e6-5f61-48a8-825b-a3bf6d9967f2
p-00030,White Roses,User-575a7644-8641-4183-a4dd-312c67dbf54b
p-00009,Champagne,User-9ae9e3e6-5f61-48a8-825b-a3bf6d9967f2
p-00034,Dozen Red Roses,User-e2c2ca47-535c-4198-bb9f-1a6401999aa3
p-00001,Mixed Bouquet,User-5614b542-7a3d-4d27-85e6-9004a99d40c3
p-00015,Moet & Chandon,User-8a84976b-c7a8-4082-b97b-25d3665d4fbc
p-00007,White Wine,User-5614b542-7a3d-4d27-85e6-9004a99d40c3
p-00017,36 Roses,User-aaf0c644-7c2e-45bb-a0b6-707fa6b20a82
p-00017,36-Roses,User-f4e861d5-673e-46e3-85ef-1b7189f0f261
p-00017,36-Roses,User-f4e861d5-673e-46e3-85ef-1b7189f0f261
p-00038,Deluxe Romantic Valentine’s Day Bundle,User-c823c163-8c46-4db9-8989-fb75b9837f42
p-00034,Dozen Red Roses,User-5614b542-7a3d-4d27-85e6-9004a99d40c3
p-00034,Dozen Red Roses,User-696854ee-3652-4156-9d5c-db135311c6cd
p-00001,Mixed Bouquet,User-aaf0c644-7c2e-45bb-a0b6-707fa6b20a82
p-00001,Mixed Bouquet,User-14d4de76-5f4b-4303-9db9-99659ba78d06
p-00002,Strictly Roses,User-696854ee-3652-4156-9d5c-db135311c6cd
p-00002,Strictly Roses,User-7da2b669-f4dd-4ad4-8a3e-f1d28bcbc95a
p-00002,Strictly Roses,User-6ff717f8-ec84-4b3d-b75c-ce2032397faa
p-00002,Strictly Roses,User-58bdd2f0-6783-4ceb-bad4-c51b6c9c34d5
p-00002,Strictly Roses,User-696854ee-3652-4156-9d5c-db135311c6cd
p-00002,Strictly Roses,User-b0c033f7-a1f1-4f72-9232-c658c01e9198
p-00002,Strictly Roses,User-696854ee-3652-4156-9d5c-db135311c6cd
p-00037,The Classic Valentine’s Day Bundle,User-93df6e4c-38f5-4cbb-bfb1-d3779abf44ef
p-00035,The Sweetheart Mixed Bouquet,User-d3cebcae-86b0-405c-b835-d50d1827476f
p-00030,White Roses,User-253cd281-8eb9-4c2f-b937-87ec01a28b14
p-00030,White Roses,User-696854ee-3652-4156-9d5c-db135311c6cd
p-00030,White Roses,User-3a99d131-269e-4932-89dc-56272f0e8a40
p-00025,Grand Mixed Bouquet,User-0e5356dd-3177-41b2-a735-3c7ab9431a02
p-00025,Grand Mixed Bouquet,User-0e5356dd-3177-41b2-a735-3c7ab9431a02
p-00026,Handcrafted Cupcakes,User-0e5356dd-3177-41b2-a735-3c7ab9431a02
p-00002,Strictly Roses,User-b0c033f7-a1f1-4f72-9232-c658c01e9198
p-00030,White Roses,User-575a7644-8641-4183-a4dd-312c67dbf54b
p-00009,Champagne,User-aaf0c644-7c2e-45bb-a0b6-707fa6b20a82
p-00009,Champagne,User-f59331da-e3ce-40f0-a0e1-ae00d71a3188
p-00009,Champagne,User-11c87b22-cc68-4443-a054-41684cec7360
p-00009,Champagne,User-5bbc42fe-c217-4854-97c3-6543ea5faeb8
p-00009,Champagne,User-5bbc42fe-c217-4854-97c3-6543ea5faeb8
p-00025,Charming Bloom Bouquet,User-838ae360-07a1-4a7a-9360-ecbad7200171
p-00034,Dozen Red Roses,User-d85c4a9f-9685-4181-a7e9-0679e5bc7166
p-00034,Dozen Red Roses,User-6ff717f8-ec84-4b3d-b75c-ce2032397faa
p-00025,Grand Mixed Bouquet,User-692f3e09-4af7-41ab-895a-b732abf7aae2
p-00026,Handcrafted Cupcakes,User-549cffa2-c55c-4c75-9590-41664e53774b
p-00001,Mixed Bouquet,User-65bdab31-c773-4ccf-84a4-ca91416bd6d6
p-00001,Mixed Bouquet,User-5614b542-7a3d-4d27-85e6-9004a99d40c3
p-00001,Mixed Bouquet,User-aaf0c644-7c2e-45bb-a0b6-707fa6b20a82
p-00001,Mixed Bouquet,User-3a99d131-269e-4932-89dc-56272f0e8a40
p-00001,Mixed Bouquet,User-7be7a758-8f07-4416-b9d9-5f9889aac163
p-00001,Mixed Bouquet,User-afa48051-6e25-4ff9-b663-6a29400c3535
p-00001,Mixed Bouquet,User-94e9797c-1c26-4b99-b305-0a0f13418e50
p-00001,Mixed Bouquet,User-b0c033f7-a1f1-4f72-9232-c658c01e9198
p-00001,Mixed Bouquet,User-9de04624-5733-478f-98c2-9ae1ad3e75f7
p-00006,Red Wine,User-5d314f7e-9724-4792-854f-d726dc971f1d
p-00002,Strictly Roses,User-253cd281-8eb9-4c2f-b937-87ec01a28b14
p-00002,Strictly Roses,User-b0c033f7-a1f1-4f72-9232-c658c01e9198
p-00002,Strictly Roses,User-06606491-d82d-4bd5-998c-2ac3515cd413
p-00002,Strictly Roses,User-692f3e09-4af7-41ab-895a-b732abf7aae2
p-00002,Strictly Roses,User-3007ba28-7e99-424d-876d-b4a3c5742ee0
p-00002,Strictly Roses,User-b3b867d7-41ec-4b65-80d6-ae8c1c53ec12
p-00002,Strictly Roses,User-253cd281-8eb9-4c2f-b937-87ec01a28b14
p-00002,Strictly Roses,User-1af347d9-b207-45a7-b081-c7f4ba97d748
p-00001,Mixed Bouquet,User-9c3640cc-bf4e-4295-af3f-61815f98c778
p-00001,Mixed Bouquet,User-f883148c-470a-4b27-b0d4-b2c749b4a9d7
p-00009,Champagne,User-d1529935-e07f-44bd-9e32-96a47355a60d
p-00026,Handcrafted Cupcakes,User-26cbc5ae-ffdd-4bfe-9bec-4fad066742ee
p-00001,Mixed Bouquet,User-70b70be4-aa5f-44be-9f80-be3b90496ff4
p-00006,Red Wine,User-058abf35-a599-4eb9-a905-1ea56d6f2274
p-00002,Strictly Roses,User-0b44046b-c01d-42e4-90b8-4792428f5e18
p-00030,White Roses,User-5b99eaee-c048-432e-9a76-18f298cea488
p-00026,Handcrafted Cupcakes,User-a6f47628-0638-4633-8067-f19557de322a
p-00026,Handcrafted Cupcakes,User-a6f47628-0638-4633-8067-f19557de322a
p-00001,Mixed Bouquet,User-b91b2a76-11f4-4ada-8ef7-3df106d0ab98
p-00006,Red Wine,User-cad75e08-fe7c-4836-af7d-f3eef20f9948
p-00002,Strictly Roses,User-131bb39a-9875-4d3a-afb8-6b2617424175
p-00002,Strictly Roses,User-401e4270-c3fd-43b2-9997-b28b781f656d
p-00002,Strictly Roses,User-401e4270-c3fd-43b2-9997-b28b781f656d
p-00007,White Wine,User-bf483e4c-ab83-4c24-9116-b664816f22e7
p-00006,Red Wine,User-692f3e09-4af7-41ab-895a-b732abf7aae2
p-00001,Mixed Bouquet,User-0b6186f6-809d-41af-a95f-4a1850de4f46
p-00001,Mixed Bouquet,User-fbc4995f-c8c0-4138-91ab-e5a90f8b9e54
p-00002,Strictly Roses,User-0d123655-8ecf-4cec-94a9-39452708ee6a
p-00039,The Gatsby Valentine’s Day Bundle,User-4645f8e7-6e2e-4424-98c2-95eef94ea3e7
p-00037,The Classic Valentine’s Day Bundle,User-1e3b2705-352c-43f3-95c4-1d7d679e00e8
p-00033,36-White Roses,User-e0d9c5f6-66de-468f-af0c-660feac9e055
p-00050,Assorted Chocolates,User-a5abc6af-9c26-43c3-a8b4-c5fd08a92e1d
p-00034,Dozen Red Roses,User-ac54f8a2-9a47-4f72-b74e-4a0f375c8012
p-00034,Dozen Red Roses,User-73e8782f-153b-4455-90a2-8b5a6daf195c
p-00026,Handcrafted Cupcakes,User-8969f9d7-5e09-48fd-8ef8-6261b1195bee
p-00026,Handcrafted Cupcakes,User-0d79b37b-3a8f-40a0-ae89-be77374f64af
p-00001,Mixed Bouquet,User-aea665ff-10e5-442e-9406-76b92c6eb8f1
p-00002,Strictly Roses,User-21f98671-4ba0-4284-8f1d-3cdb3fec93e5
p-00002,Strictly Roses,User-8969f9d7-5e09-48fd-8ef8-6261b1195bee
p-00002,Strictly Roses,User-0d79b37b-3a8f-40a0-ae89-be77374f64af
p-00002,Strictly Roses,User-9bd75747-78eb-4c04-a8e6-a00e6585ff1f
p-00001,Mixed Bouquet,User-71396dbf-be68-4f35-9535-9e0455c10e29
p-00001,Mixed Bouquet,User-49c4f072-938e-44d5-b274-7fa4ee4c8b0a
p-00001,Mixed Bouquet,User-dea95ca5-2a33-4057-8fc6-1df8eb2d7ff5
p-00015,Moet & Chandon,User-dd361213-6c23-4c6f-a10e-04bc625960c9
p-00017,36-Roses,User-7e724393-6c45-4ac7-bbf5-19dac8c4dc52
p-00025,Charming Bloom Bouquet,User-7e724393-6c45-4ac7-bbf5-19dac8c4dc52
p-00001,Mixed Bouquet,User-0a6a926f-efba-40db-8c12-6a9142dbbcb6
p-00001,Mixed Bouquet,User-7e724393-6c45-4ac7-bbf5-19dac8c4dc52
p-00001,Mixed Bouquet,User-7e724393-6c45-4ac7-bbf5-19dac8c4dc52
p-00002,Strictly Roses,User-7e724393-6c45-4ac7-bbf5-19dac8c4dc52
p-00036,The Romancer Valentine’s Day Bundle,User-3947b513-7098-4d35-92c8-29bd30981ca3
p-00007,White Wine,User-7e724393-6c45-4ac7-bbf5-19dac8c4dc52
p-00026,Handcrafted Cupcakes,User-c48005b0-59ff-46b8-bf6b-8a11f3713b67
p-00002,Strictly Roses,User-7fc7d084-0d1b-43a4-a8c1-eb437d86f96d
p-00030,White Roses,User-1f133261-5f5c-4575-a8b7-c21a8c4de8a0
p-00032,Giant Dark Brown Teddy Bear,User-71396dbf-be68-4f35-9535-9e0455c10e29
p-00001,Mixed Bouquet,User-8cea8399-5902-49a3-ae95-f4e5c5fa5565
p-00016,Veuve Clicquot,User-219cb5e8-83b0-4f4c-92fe-6e959d48b70b
p-00027,Champagne À L'EST by Out East,User-797d3241-066b-431e-9c88-4735c0dcdfd8
p-lambo,Lambo x 2,User-3992e476-8af3-4619-9272-5a38d32c35bf
p-00013,Lamborghini Champagne,User-21d838a2-f7ab-4408-8d55-9c16944a592b
p-00013,Lamborghini Champagne,User-941cdcc2-b878-4248-9efe-2a2ce0885d6a
p-00001,Mixed Bouquet,User-21d838a2-f7ab-4408-8d55-9c16944a592b
p-00006,Red Wine,User-d1563cab-52e4-43fa-ac3d-5aa960284d57
p-00030,White Roses,User-701d0d9d-31ca-4156-b128-c23601066aac
p-00017,36-Roses,User-bb4a4a11-81db-4427-8566-25975fc4f37b
p-00034,Dozen Red Roses,User-c032721e-d86f-41b6-aaed-37e5de3ae289
p-00030,Dozen White Roses,User-2dce428b-591e-4379-95a0-255185d81aec
p-00034,Dozen Red Roses,User-6594b5de-8aed-44b9-aa95-9e3c08f0faed
p-00026,Handcrafted Cupcakes,User-43545556-a5dc-4725-bef2-479f3d4ad02b
p-00001,Mixed Bouquet,User-417d20e7-632d-4647-a6f1-845fe0e1fa99
p-00001,Mixed Bouquet,User-110b45f8-5a47-4f2d-98ee-bf31886cc0df
p-00006,Red Wine,User-d9a13706-2cd0-41fd-9a24-893a691e8013
p-00002,Strictly Roses,User-1f4529c3-0329-403d-95b7-a79e7f5d8b68
p-00013,Lamborghini Champagne,User-09635a84-91e3-4fb8-ba42-36e7baa0b67c
p-00002,Strictly Roses,User-d0e8fc34-d138-4756-8c0f-22d31f3ea918
p-00017,36-Roses,User-90d2dbb9-8f33-4476-9dc3-13b2d7faddc0
p-00009,Champagne,User-7157dfd9-d0e3-469d-a2ed-e056c76f39ee
p-00009,Champagne,User-5bbc42fe-c217-4854-97c3-6543ea5faeb8
p-00009,Champagne,User-5bbc42fe-c217-4854-97c3-6543ea5faeb8
p-00009,Champagne,User-5bbc42fe-c217-4854-97c3-6543ea5faeb8
p-00009,Champagne,User-5bbc42fe-c217-4854-97c3-6543ea5faeb8
p-00009,Champagne,User-5bbc42fe-c217-4854-97c3-6543ea5faeb8
p-00009,Champagne,User-5bbc42fe-c217-4854-97c3-6543ea5faeb8
p-00009,Champagne,User-5bbc42fe-c217-4854-97c3-6543ea5faeb8
p-00026,Cupcakes for the Holidays,User-aff2da49-75fa-43f8-a249-f2049c3552f4
p-00030,Dozen White Roses,User-2efa0da4-dc8a-476b-aeae-410d287b8a95
p-00025,Grand Mixed Bouquet,User-b9f012b9-6f65-48b5-b565-82c362701f4f
p-00001,Mixed Bouquet,User-c9cf0190-3717-42a5-9c73-1d9509aa3fa8
p-00001,Mixed Bouquet,User-3faf5200-514a-4f70-a608-0ad997e42939
p-00006,Red Wine,User-bbeb9b41-38af-4f22-8265-2b3b19ec6478
p-00006,Red Wine,User-1d885f28-bbb8-41c0-9412-045f76148fc5
p-00006,Red Wine,User-496b34ec-b080-4d5b-810b-6f4d3b0dee2f
p-00002,Strictly Roses,User-f5d844e6-56a3-448b-8a05-3fc8907c61d4
p-00002,Strictly Roses,User-dd231fdc-c278-4255-9dcc-1c5a3db88c79
p-00002,Strictly Roses,User-ce346931-054f-4af4-96b4-b8125eadf9a4
p-00007,White Wine,User-f8f46e3c-4eee-4d7f-8258-702ff2b5b108
p-00030,White Roses,User-dd231fdc-c278-4255-9dcc-1c5a3db88c79
p-00001,Mixed Bouquet,User-9ed3114d-44a6-4dd8-971b-7ac39f922d6e
p-00002,Strictly Roses,User-73887a87-05ad-4c92-b879-564427a9aafd
p-00001,Mixed Bouquet,User-b5f6a7a2-f7a5-4a8b-9d23-95bd0c005be2
p-00030,A Dozen White Roses,User-61065cc3-a144-4264-b17a-b460aa07c0f3
p-00034,Dozen Red Roses,User-cf83f6b0-d8e1-470f-a154-906b3de3de6b
p-00006,Red Wine,User-35121c0e-845f-46f7-ac1b-fe9773b9397a
p-00002,Strictly Roses,User-1d99fe48-4719-4b67-9907-6f3eb0ca7687
p-00002,Strictly Roses,User-f6d73a1d-586c-439d-b0b9-12c878bf1932
p-00035,The Sweetheart Mixed Bouquet,User-027150bc-ee7f-4b50-99e0-fbee89a07828
p-00027,Champagne À L'EST by Out East,User-0e5356dd-3177-41b2-a735-3c7ab9431a02
p-00001,Mixed Bouquet,User-aee21f99-19b2-4629-9ffe-b21071cfed95
p-00001,Mixed Bouquet,User-6e52f23b-babb-4366-ae1b-59af4945dd9d
p-00002,Strictly Roses,User-7fc7d084-0d1b-43a4-a8c1-eb437d86f96d
p-00033,36-White Roses,User-91505d2a-17b4-4349-b527-cd90a12ed2d6
p-00009,Champagne,User-5bbc42fe-c217-4854-97c3-6543ea5faeb8
p-00026,Cupcakes for the Holidays,User-3770f78e-005c-4021-b54d-7409502b2c9b
p-00026,Handcrafted Cupcakes,User-c0d42c19-d680-40c7-950f-95f7b489e997
p-00019,Meska Sweets,User-aff2da49-75fa-43f8-a249-f2049c3552f4
p-00019,Meska Sweets,User-6e52f23b-babb-4366-ae1b-59af4945dd9d
p-00001,Mixed Bouquet,User-009ea0b2-2a91-4ed6-9d4b-5b1b8b800f28
p-00001,Mixed Bouquet,User-71ce07a1-6e7b-45da-97dc-068be3447ea0
p-00002,Strictly Roses,User-57c01503-6e16-445a-bce3-68edc53d1339
p-00002,Strictly Roses,User-554479b8-2fb8-41b2-9e23-417f6a4bb1b3
p-00002,Strictly Roses,User-35121c0e-845f-46f7-ac1b-fe9773b9397a
p-00002,Strictly Roses,User-7fc7d084-0d1b-43a4-a8c1-eb437d86f96d
p-00007,White Wine,User-f8f46e3c-4eee-4d7f-8258-702ff2b5b108
p-00009,Champagne,User-75f2deda-6cc0-4727-909b-8d3aeaa23155
p-00026,Handcrafted Cupcakes,User-3f12a9e0-c653-4cf7-89ae-32bb3039c87e
p-00006,Red Wine,User-91dae8d8-78eb-45c1-842f-0228a26d3825
p-00006,Red Wine,User-f255f720-5fb8-4699-bb70-a1806c2b75c4
p-00007,White Wine,User-b95840d1-6119-4d75-9b1e-c2bc8425ad46
p-00002,Strictly Roses,User-7807a774-cd39-45ba-9cfc-fc68ef65c9d2
p-00034,A Dozen Red Roses,User-66f40ab9-5059-4cf3-b297-1a7582d56d80
p-00009,Champagne,User-027150bc-ee7f-4b50-99e0-fbee89a07828
p-00034,Dozen Red Roses,User-14a7bfb1-0be2-433d-a197-23daa7acfe7b
p-00034,Dozen Red Roses,User-4b402cde-b8a5-44f7-8106-5c0cdc587aa4
p-00013,Lamborghini Champagne,User-48aa218e-532f-4f01-8acd-f0591e9283e3
p-00002,Strictly Roses,User-941cdcc2-b878-4248-9efe-2a2ce0885d6a
p-00002,Strictly Roses,User-ac58a43a-5775-4253-85ec-4ddd3a5a561d
p-00035,The Sweetheart Mixed Bouquet,User-71fc0cf5-da9e-499a-99e9-8dc13234667f
p-00001,Mixed Bouquet,User-941cdcc2-b878-4248-9efe-2a2ce0885d6a
p-00007,White Wine,User-3af24a15-28a7-46ce-8ccb-d4a722d0c337
p-00007,White Wine,User-615388e1-d52c-4cfb-acd3-130de8cdf817
p-00033,36 White Roses,User-58de78b4-b83e-45a5-ba24-02bc7cd68ba5
p-00009,Champagne,User-d1863b30-4040-4269-8543-3f936a9105de
p-00009,Champagne,User-5bbc42fe-c217-4854-97c3-6543ea5faeb8
p-00009,Champagne,User-5bbc42fe-c217-4854-97c3-6543ea5faeb8
p-00009,Champagne,User-496b34ec-b080-4d5b-810b-6f4d3b0dee2f
p-00009,Champagne,User-5bbc42fe-c217-4854-97c3-6543ea5faeb8
p-00025,Grand Mixed Bouquet,User-ec43f68c-284f-4b57-b107-5416fd4c03d6
p-00026,Handcrafted Cupcakes,User-f8f46e3c-4eee-4d7f-8258-702ff2b5b108
p-00013,Lamborghini Champagne,User-112178fd-f85c-4c2b-8999-339c368eafbb
p-00019,Meska Sweets,User-3dba6615-079a-43ba-8a3b-27a239213be6
p-00019,Meska Sweets,User-496b34ec-b080-4d5b-810b-6f4d3b0dee2f
p-00001,Mixed Bouquet,User-56c1e8bf-1356-4190-a805-45d2bd209eba
p-00001,Mixed Bouquet,User-fca710b1-e8ef-4531-bf11-66b7cb2c51f9
p-00001,Mixed Bouquet,User-37c340b0-8ce0-4487-b888-d6d458342380
p-00001,Mixed Bouquet,User-9564422c-31c7-4c88-b4a3-a09276204791
p-00001,Mixed Bouquet,User-1e27dfe3-5985-4054-8383-eb0485d35130
p-00001,Mixed Bouquet,User-1e27dfe3-5985-4054-8383-eb0485d35130
p-00001,Mixed Bouquet,User-d6d44b44-7adf-47d3-8737-cfc44c214bd9
p-00001,Mixed Bouquet,User-dec0bd45-0cb8-4027-8542-532f102b9575
p-00002,Strictly Roses,User-37c340b0-8ce0-4487-b888-d6d458342380
p-00002,Strictly Roses,User-f37dd5de-73c1-44dd-afbd-2efd07232475
p-00002,Strictly Roses,User-3c47bf0e-9f53-4f87-b311-371a5ef01728
p-00002,Strictly Roses,User-7bb59c27-060b-477b-9d5e-f1d3e15046f0
p-00002,Strictly Roses,User-00bfecda-7872-411d-ba13-b7fe9a5a3dd4
p-00002,Strictly Roses,User-00bfecda-7872-411d-ba13-b7fe9a5a3dd4
p-00002,Strictly Roses,User-9ed3114d-44a6-4dd8-971b-7ac39f922d6e
p-00002,Strictly Roses,User-00bfecda-7872-411d-ba13-b7fe9a5a3dd4
p-00002,Strictly Roses,User-f37dd5de-73c1-44dd-afbd-2efd07232475
p-00002,Strictly Roses,User-32671e0d-15a8-4284-a7f6-a47efcc3147b
p-00030,White Roses,User-00bfecda-7872-411d-ba13-b7fe9a5a3dd4
p-00030,White Roses,User-61d33485-9c4e-4d35-8230-2b1aa10f41b5
p-00030,White Roses,User-f37dd5de-73c1-44dd-afbd-2efd07232475
p-00007,White Wine,User-d7c3b5c6-51e4-4a4b-a9c1-949c493fbb79
p-00017,36-Roses,User-b14c7db4-2831-406c-84c1-596e143cb7ae
p-00009,Champagne,User-f8f46e3c-4eee-4d7f-8258-702ff2b5b108
p-00009,Champagne,User-83f60988-a147-41ed-87d3-8b965d2fd803
p-lambo,Lambo x 2,User-4c748c25-0070-4e50-bfa3-283a7e6b2166
p-00001,Mixed Bouquet,User-1e27dfe3-5985-4054-8383-eb0485d35130
p-00001,Mixed Bouquet,User-1e27dfe3-5985-4054-8383-eb0485d35130
p-00001,Mixed Bouquet,User-bf4a97fe-af57-4a2c-8fc3-9cf8bfe9450f
p-00001,Mixed Bouquet,User-5a524997-500b-4a6c-bf56-b814c6e56e96
p-00009,Champagne,User-c7e04f12-06cd-4485-befc-8c702b8bfc3a
p-00027,Champagne À L'EST by Out East,User-256a3d51-2a0c-49fc-afce-949a9a019c74
p-00013,Lamborghini Champagne,User-9564422c-31c7-4c88-b4a3-a09276204791
p-00013,Lamborghini Champagne,User-9564422c-31c7-4c88-b4a3-a09276204791
p-00006,Red Wine,User-f8f46e3c-4eee-4d7f-8258-702ff2b5b108
p-00006,Red Wine,User-e65efcd0-5b3a-463e-85b0-c0db28f74931
p-00035,The Sweetheart Mixed Bouquet,User-cda9ab2d-9f45-4d1c-a659-afc95c79a28d
p-00007,White Wine,User-dc3b04b0-3bb0-4535-b8e6-05d27343d55a
p-00033,36-White Roses,User-ae1f41fc-6fb6-420b-929b-a1339358b07a
p-00050,Assorted Chocolates,User-bb88a828-fd88-4bde-a740-ae2c72a7e210
p-00034,Dozen Red Roses,User-dd7f6100-7023-4fe0-bb8b-b3b530039a71
p-00034,Dozen Red Roses,User-be48fdbc-3d12-4c25-8c36-af279d36b686
p-00034,Dozen Red Roses,User-59959599-bf7e-4482-b6b2-a6e5defcd0bd
p-00034,Dozen Red Roses,User-73b4f1fb-2b84-457a-850f-e9449e6a9f6e
p-00034,Dozen Red Roses,User-812a6a06-3fc9-44db-a894-8be9f4685a40
p-00034,Dozen Red Roses,User-1a68db5c-1115-4f0c-872a-f79c421efad7
p-00034,Dozen Red Roses,User-34673535-7fed-42b3-9275-b18382e21372
p-00034,Dozen Red Roses,User-33554c5a-b84d-42da-b9e4-8b3c6e5dc60a
p-00030,Dozen White Roses,User-1a68db5c-1115-4f0c-872a-f79c421efad7
p-00001,Mixed Bouquet,User-57916898-8f38-40de-a4c3-5bba5fb4b744
p-00001,Mixed Bouquet,User-d0e8fc34-d138-4756-8c0f-22d31f3ea918
p-00001,Mixed Bouquet,User-21f98671-4ba0-4284-8f1d-3cdb3fec93e5
p-00001,Mixed Bouquet,User-f6d73a1d-586c-439d-b0b9-12c878bf1932
p-00002,Strictly Roses,User-615388e1-d52c-4cfb-acd3-130de8cdf817
p-00002,Strictly Roses,User-33554c5a-b84d-42da-b9e4-8b3c6e5dc60a
p-00002,Strictly Roses,User-ae822d1b-3e0d-4d18-a5ed-88d5b85caf5c
p-00002,Strictly Roses,User-f9a1986f-3474-464e-b624-f1e519ee00f5
p-00037,Sweetest Love Bundle,User-aaf28a88-48c4-47b4-962f-31d7a8d66ef7
p-00037,The Classic Valentine’s Day Bundle,User-f2be2045-c635-4ce0-951f-a9f0bcd082f5
p-00035,The Sweetheart Mixed Bouquet,User-cf87b93b-2107-4429-9e1e-87f644f04222
p-00037,The Classic Valentine’s Day Bundle,User-0a1cf848-c830-47fa-bdb8-709573b76011
p-00036,The Romancer Valentine’s Day Bundle,User-a586f097-e8cc-4aed-8176-043cb6fbe6ec
p-00007,White Wine,User-8f73e481-40c3-4874-89b2-fcd29763ee4b
p-00039,You're a Keeper Bundle,User-f9a1986f-3474-464e-b624-f1e519ee00f5
p-00009,Champagne,User-d4b68a07-2f26-43ce-8129-04550b09b66b
p-00009,Champagne,User-2defcefe-87cc-496b-9fa3-2df58ce0edd5
p-00009,Champagne,User-f8f46e3c-4eee-4d7f-8258-702ff2b5b108
p-00025,Grand Mixed Bouquet,User-fbb78398-2b87-4c29-8dcb-d07bc2e35b53
p-00013,Lamborghini Champagne,User-d1563cab-52e4-43fa-ac3d-5aa960284d57
p-00019,Meska Sweets,User-b01c04eb-e785-4d9d-814e-d3d1af3e78a6
p-00019,Meska Sweets,User-6b9faf0b-00b3-4e27-b7a7-d5918a550ce8
p-00019,Meska Sweets,User-cf87b93b-2107-4429-9e1e-87f644f04222
p-00006,Red Wine,User-941cdcc2-b878-4248-9efe-2a2ce0885d6a
p-00016,Veuve Clicquot,User-219cb5e8-83b0-4f4c-92fe-6e959d48b70b
p-00030,White Roses,User-615388e1-d52c-4cfb-acd3-130de8cdf817
p-00017,36 Roses,User-33554c5a-b84d-42da-b9e4-8b3c6e5dc60a
p-00017,36-Roses,User-16412b9f-babc-4904-a2b6-720aff775191
p-00017,36-Roses,User-5410f6ba-883a-4a29-82a7-ce747c13b9cf
p-00050,Assorted Chocolates,User-b54d45ca-bd59-45f2-9f24-b67a34f8562b
p-00050,Assorted Chocolates,User-f9a1986f-3474-464e-b624-f1e519ee00f5
p-00027,Champagne À L'EST by Out East,User-d9b85b8c-dd87-4889-8a06-a5cac3aed41e
p-00027,Champagne À L'EST by Out East,User-b660aa89-730c-46f4-bf02-27fbf60c8a78
p-00009,Champagne,User-5bbc42fe-c217-4854-97c3-6543ea5faeb8
p-00009,Champagne,User-5bbc42fe-c217-4854-97c3-6543ea5faeb8
p-00009,Champagne,User-5bbc42fe-c217-4854-97c3-6543ea5faeb8
p-00009,Champagne,User-5bbc42fe-c217-4854-97c3-6543ea5faeb8
p-00009,Champagne,User-5bbc42fe-c217-4854-97c3-6543ea5faeb8
p-00026,Cupcakes for the Holidays,User-b824d4cd-dad6-41d2-bd42-ff8a0cbc38f8
p-00034,Dozen Red Roses,User-adca62f0-13e3-42c8-9c31-a021073ce00e
p-00034,Dozen Red Roses,User-630dcafa-33e5-49a6-9fbb-9ad982b280de
p-00034,Dozen Red Roses,User-3cdec78f-af7e-4e05-90d9-9a4877c04407
p-00034,Dozen Red Roses,User-550bf832-2ee6-4abc-8878-41888a9851bc
p-00034,Dozen Red Roses,User-578eb6fe-158b-482c-8edf-ea93abeaec5b
p-00034,Dozen Red Roses,User-c9a2a93d-af02-4e29-baeb-2ce6fe41b859
p-00031,Giant Light Brown Teddy Bear,User-615388e1-d52c-4cfb-acd3-130de8cdf817
p-00031,Giant Light Brown Teddy Bear,User-f9a1986f-3474-464e-b624-f1e519ee00f5
p-00025,Grand Mixed Bouquet,User-d69ad762-365f-473b-a105-9f6fa02ac05f
p-00025,Grand Mixed Bouquet,User-3d7d8a36-7e23-493d-8ad1-d2bd4b607159
p-00026,Handcrafted Cupcakes,User-c5c9e226-43e3-48a6-a6a7-4f82e293ead8
p-00026,Handcrafted Cupcakes,User-4c748c25-0070-4e50-bfa3-283a7e6b2166
p-00026,Handcrafted Cupcakes,User-db4b14ec-627f-4d9e-a30c-7b0cd4aeb2b7
p-00026,Handcrafted Cupcakes,User-431dbaf0-8fba-482a-b669-576373fa0063
p-00026,Handcrafted Cupcakes,User-496b34ec-b080-4d5b-810b-6f4d3b0dee2f
p-00013,Lamborghini Champagne,User-0ee9e4ea-65ea-4cba-9e60-ecd844aacfe2
p-00013,Lamborghini Champagne,User-99daa53e-c2b2-4bec-9d27-fd20858dacc6
p-lambo,Lambo x 2,User-9ef6d68a-2c13-4722-a877-358e91d220ce
p-00013,Lamborghini Champagne,User-adca62f0-13e3-42c8-9c31-a021073ce00e
p-lambo,Lambo x 2,User-6aadfbdd-13f0-4eda-bbd8-d630e2f39108
p-00013,Lamborghini Champagne,User-630dcafa-33e5-49a6-9fbb-9ad982b280de
p-00028,love by glassybaby,User-d9b85b8c-dd87-4889-8a06-a5cac3aed41e
p-00028,love by glassybaby,User-d9b85b8c-dd87-4889-8a06-a5cac3aed41e
p-00021,Merlot,User-bc929d8c-f3f8-4b6f-a399-22a6f5d16110
p-00019,Meska Sweets,User-f9a1986f-3474-464e-b624-f1e519ee00f5
p-00001,Mixed Bouquet,User-615388e1-d52c-4cfb-acd3-130de8cdf817
p-00001,Mixed Bouquet,User-f2be2045-c635-4ce0-951f-a9f0bcd082f5
p-00001,Mixed Bouquet,User-1d885f28-bbb8-41c0-9412-045f76148fc5
p-00001,Mixed Bouquet,User-595caf1d-4078-46d1-8caa-900e6a208531
p-00001,Mixed Bouquet,User-93f1cca5-3431-4241-9a87-b89451f410a6
p-00001,Mixed Bouquet,User-ff280000-4bdf-499a-8a5e-fa9c1a940ce5
p-00001,Mixed Bouquet,User-5bbc42fe-c217-4854-97c3-6543ea5faeb8
p-00001,Mixed Bouquet,User-37a5802a-1aed-41bc-b574-f79b15d7d0a8
p-00001,Mixed Bouquet,User-3c3993a5-f5bd-45a1-807f-d281619fb7f5
p-00001,Mixed Bouquet,User-d69ad762-365f-473b-a105-9f6fa02ac05f
p-00001,Mixed Bouquet,User-b994d862-28b2-4e45-b87f-c9223ecd5880
p-00006,Red Wine,User-1d80c61a-a717-41ae-a035-d7eaba90ed9c
p-00006,Red Wine,User-aaf28a88-48c4-47b4-962f-31d7a8d66ef7
p-00002,Strictly Roses,User-ae822d1b-3e0d-4d18-a5ed-88d5b85caf5c
p-00002,Strictly Roses,User-095b7712-d18d-4fe4-b2c0-62637401c714
p-00002,Strictly Roses,User-d05379c9-c370-449e-871f-427352a4614d
p-00002,Strictly Roses,User-0b268c4a-a366-4b8e-a767-680e83f0ffe4
p-00002,Strictly Roses,User-7b8f3e88-4d9a-4294-84be-d93ec8eb613a
p-00002,Strictly Roses,User-8969f9d7-5e09-48fd-8ef8-6261b1195bee
p-00002,Strictly Roses,User-c4c0d287-f5fc-464d-ac1d-c85d3a11b4d9
p-00036,The Romancer Valentine’s Day Bundle,User-a0f30e61-510d-4201-bca7-73f12a3dc6de
p-00035,The Sweetheart Mixed Bouquet,User-1a68db5c-1115-4f0c-872a-f79c421efad7
p-00016,Veuve Cliquot,User-99daa53e-c2b2-4bec-9d27-fd20858dacc6
p-00030,White Roses,User-4be52c6f-f8fd-48fa-80f6-fad9f9b9195e
p-00007,White Wine,User-21f98671-4ba0-4284-8f1d-3cdb3fec93e5
p-00030,White Roses,User-91505d2a-17b4-4349-b527-cd90a12ed2d6
p-00030,White Roses,User-e140da05-b353-403f-8617-c6236fc86af3
p-00030,White Roses,User-e140da05-b353-403f-8617-c6236fc86af3
p-00001,Mixed Bouquet,User-9697ac73-bc5c-4c35-b7b2-fc0db4ceeb6e
p-00033,36-White Roses,User-4ba28e4f-a8f1-4fa8-8606-68dffdbc52c3
p-00001,Mixed Bouquet,User-a79335eb-07fd-47ae-bf23-99c70d627c34
p-00026,Handcrafted Cupcakes,User-49c4f072-938e-44d5-b274-7fa4ee4c8b0a
p-00013,Lamborghini Champagne,User-71396dbf-be68-4f35-9535-9e0455c10e29
p-00035,The Sweetheart Mixed Bouquet,User-f8f46e3c-4eee-4d7f-8258-702ff2b5b108
p-00009,Champagne,User-05551e63-4fc9-4b2f-bc6f-ccb1b7060212
p-00001,Mixed Bouquet,User-b835a457-b76a-4916-8d0d-8cc2d8a3e40e
p-00026,Handcrafted Cupcakes,User-d1563cab-52e4-43fa-ac3d-5aa960284d57
p-00021,Merlot,User-3c22c756-495d-4f4e-8d1c-fcefbac5d542
p-00001,Mixed Bouquet,User-3cc5809f-0b27-469c-ba61-c154e37707d6
p-00001,Mixed Bouquet,User-52508dc8-7929-4f2d-9b15-9621eeec288a
p-00002,Strictly Roses,User-52508dc8-7929-4f2d-9b15-9621eeec288a
p-00035,The Sweetheart Mixed Bouquet,User-3c22c756-495d-4f4e-8d1c-fcefbac5d542
p-00025,Grand Mixed Bouquet,User-b01c04eb-e785-4d9d-814e-d3d1af3e78a6
p-00019,Meska Sweets,User-b01c04eb-e785-4d9d-814e-d3d1af3e78a6
p-00009,Champagne,User-66e68789-fd8e-4c32-bb4f-1d5304fd2e4b
p-00025,Grand Mixed Bouquet,User-2f4152a9-adf1-4e44-a774-a868f6aaa269
p-00013,Lamborghini Champagne,User-34d1e45d-775f-4a9b-aedc-39593abdb0f6
p-00001,Mixed Bouquet,User-941cdcc2-b878-4248-9efe-2a2ce0885d6a
p-00025,Mixed Bouquet,User-aff2da49-75fa-43f8-a249-f2049c3552f4
p-00001,Mixed Bouquet,User-24e114fd-4718-417d-abd4-e4ca2141502f
p-00001,Mixed Bouquet,User-f9721bc3-6535-44d4-a770-869c53c6c066
p-00001,Mixed Bouquet,User-cf87b93b-2107-4429-9e1e-87f644f04222
p-00002,Strictly Roses,User-cda9ab2d-9f45-4d1c-a659-afc95c79a28d
p-00002,Strictly Roses,User-db4b14ec-627f-4d9e-a30c-7b0cd4aeb2b7
p-00007,White Wine,User-96e5dc55-f063-42ba-962a-8a39cde6c578
p-00007,White Wine,User-96e5dc55-f063-42ba-962a-8a39cde6c578
p-00009,Champagne,User-fa3c59f4-c630-4a5c-af03-8238dce383d6
p-00025,Grand Mixed Bouquet,User-b30f0497-01b7-4531-92b5-783e0c140a2b
p-00013,Lamborghini Champagne,User-6cb243b8-881f-4a1d-824e-3e024d8d284c
p-00006,Red Wine,User-5bbc42fe-c217-4854-97c3-6543ea5faeb8
p-00002,Strictly Roses,User-0e8037ad-aef9-4bc2-a283-5b3eb7ab5347
p-00037,The Classic Valentine’s Day Bundle,User-f9a1986f-3474-464e-b624-f1e519ee00f5
p-00032,Giant Dark Brown Teddy Bear,User-49c4f072-938e-44d5-b274-7fa4ee4c8b0a
p-00001,Mixed Bouquet,User-821b2ae5-a7d3-4eff-a30b-b6dba5f97174
p-00016,Veuve Clicquot,User-219cb5e8-83b0-4f4c-92fe-6e959d48b70b
p-00030,Dozen White Roses,User-c0b8f4d2-a9d9-4637-b5a5-9ada11c59891
p-00002,Strictly Roses,User-6d185f0e-a9be-44d4-bd87-7b432f29a50e
p-00009,Champagne,User-0ded5f5e-b90b-4bdd-a81c-05c97d9b6f3e
p-00001,Mixed Bouquet,User-c0b8f4d2-a9d9-4637-b5a5-9ada11c59891
p-00002,Strictly Roses,User-81a51b9b-747d-444e-8777-5370804a17df
p-00002,Strictly Roses,User-c0b8f4d2-a9d9-4637-b5a5-9ada11c59891
p-00037,The Classic Valentine’s Day Bundle,User-f5d844e6-56a3-448b-8a05-3fc8907c61d4
p-00007,White Wine,User-b9564035-69bb-4e0f-a08d-f6ec4a083739
p-00026,Handcrafted Cupcakes,User-8094a983-c975-4bab-8d30-d3c39c16220c
p-00001,Mixed Bouquet,User-9ed3114d-44a6-4dd8-971b-7ac39f922d6e
p-00006,Red Wine,User-489773d4-8630-4997-9bb5-3fe83ac69aa5
p-00034,Dozen Red Roses,User-9ae9e3e6-5f61-48a8-825b-a3bf6d9967f2
p-00034,Dozen Red Roses,User-615388e1-d52c-4cfb-acd3-130de8cdf817
p-00002,Strictly Roses,User-9ae9e3e6-5f61-48a8-825b-a3bf6d9967f2
p-00035,The Sweetheart Mixed Bouquet,User-1d80c61a-a717-41ae-a035-d7eaba90ed9c
p-00038,Deluxe Romantic Valentine’s Day Bundle,User-69a88b60-b100-4280-978e-15faa6c6d916
p-00025,Grand Mixed Bouquet,User-173d444a-9314-42f6-8c8a-1a3fe2b82948
p-00001,Mixed Bouquet,User-0d3f945d-2cb7-41f9-9310-8b8ed8e1395a
p-00002,Strictly Roses,User-d0190747-dcca-46a9-bf8a-7b7836cc13fb
p-00002,Strictly Roses,User-3c264aa2-54b3-4e99-83d9-7393bfaf3517
p-00002,Strictly Roses,User-3c264aa2-54b3-4e99-83d9-7393bfaf3517
p-00035,The Sweetheart Mixed Bouquet,User-0d70461d-e742-4ddb-a81d-f3f14888e69e
p-00002,Strictly Roses,User-ff7f9013-0243-4adb-91ee-decdda9fd88c
p-00007,White Wine,User-ff7f9013-0243-4adb-91ee-decdda9fd88c
p-00033,36-White Roses,User-eab5c805-78c4-4224-a4e1-a2a0c0e5c52b
p-00001,Mixed Bouquet,User-256a3d51-2a0c-49fc-afce-949a9a019c74
p-00001,Mixed Bouquet,User-2c91a2fc-08d7-4634-8104-3e2bb6e1d6a6
p-00002,Strictly Roses,User-e189aef0-9bed-4168-9aa3-fddc2c2b282e
p-00016,Veuve Clicquot,User-9eeae940-bdf2-489c-96b4-248695b78846
p-00009,Champagne,User-c070dfa2-3025-426e-a97d-a9dcca27902f
p-00009,Champagne,User-c070dfa2-3025-426e-a97d-a9dcca27902f
p-00030,White Roses,User-00bfecda-7872-411d-ba13-b7fe9a5a3dd4
p-00034,Dozen Red Roses,User-d2fb8057-d40c-4a48-bda1-5c7ac79987c0
p-00002,Strictly Roses,User-cf9d07e3-3119-4ebf-86f0-863a33bf0609
p-lambo,Lambo x 2,User-4ab8eb63-f7f1-4a64-b254-a8db2043aba4
p-00026,Cupcakes for the Holidays,User-a62abbfa-b5ed-45ec-8197-887d72d97560
p-00024,Riesling,User-256a3d51-2a0c-49fc-afce-949a9a019c74
p-00050,Assorted Chocolates,User-380dd64a-2c8a-440c-9e18-21aff3575aa0
p-00025,Grand Mixed Bouquet,User-380dd64a-2c8a-440c-9e18-21aff3575aa0
p-00026,Handcrafted Cupcakes,User-85216df7-e534-4224-8b2e-761798fc6f18
p-00026,Handcrafted Cupcakes,User-87a0580f-839c-4149-bdec-4531474f1518
p-00013,Lamborghini Champagne,User-380dd64a-2c8a-440c-9e18-21aff3575aa0
p-00037,The Classic Valentine’s Day Bundle,User-aff2da49-75fa-43f8-a249-f2049c3552f4
p-00026,Handcrafted Cupcakes,User-9ed3114d-44a6-4dd8-971b-7ac39f922d6e
